Date,Close,Open,High,Low,Volume
20-12-2021,2277.35,2317.85,2317.85,2247.10,6611376.00
21-12-2021,2311.25,2311.35,2346.00,2292.20,5924071.00
22-12-2021,2366.10,2324.90,2371.90,2322.00,8149415.00
23-12-2021,2365.25,2374.00,2380.00,2358.05,4186912.00
24-12-2021,2372.80,2370.00,2392.00,2337.55,3639616.00
27-12-2021,2370.25,2361.55,2378.00,2348.10,1853948.00
28-12-2021,2398.40,2375.60,2404.85,2373.05,2941883.00
29-12-2021,2402.50,2391.00,2419.00,2382.10,7118779.00
30-12-2021,2359.10,2400.00,2404.95,2345.60,13537254.00
31-12-2021,2368.15,2373.00,2383.90,2360.00,4373768.00
03-01-2022,2403.85,2365.00,2407.95,2363.55,2502073.00
04-01-2022,2458.10,2415.90,2461.00,2404.00,5006225.00
05-01-2022,2469.60,2462.00,2477.00,2432.95,5373618.00
06-01-2022,2416.50,2451.20,2454.00,2409.00,6667483.00
07-01-2022,2436.00,2430.95,2458.05,2411.55,6051239.00
10-01-2022,2438.00,2452.00,2457.00,2416.05,4267365.00
11-01-2022,2455.55,2436.00,2474.95,2435.00,7478681.00
12-01-2022,2521.10,2471.30,2524.95,2465.00,6830402.00
13-01-2022,2535.30,2521.25,2541.00,2508.40,5471871.00
14-01-2022,2539.00,2535.00,2567.30,2525.85,9197773.00
17-01-2022,2552.25,2538.00,2565.00,2537.00,3708822.00
18-01-2022,2521.80,2554.75,2562.35,2515.75,2868235.00
19-01-2022,2521.60,2530.00,2542.00,2509.00,4502155.00
20-01-2022,2477.45,2500.05,2509.95,2455.00,7612203.00
21-01-2022,2477.85,2452.00,2502.25,2452.00,6155759.00
24-01-2022,2377.90,2475.00,2504.75,2355.10,10092511.00
25-01-2022,2373.25,2349.55,2388.65,2305.00,11311456.00
27-01-2022,2338.10,2336.00,2356.10,2311.05,9239426.00
28-01-2022,2335.85,2365.00,2375.90,2328.40,6769154.00
31-01-2022,2386.60,2360.20,2406.40,2356.20,5604308.00
01-02-2022,2378.70,2408.00,2420.60,2347.10,6092033.00
02-02-2022,2383.55,2407.00,2407.00,2375.10,4623163.00
03-02-2022,2352.75,2392.00,2401.45,2347.20,4417864.00
04-02-2022,2331.30,2341.00,2348.45,2321.10,5104761.00
07-02-2022,2317.10,2342.00,2356.80,2305.00,4944725.00
08-02-2022,2356.05,2330.65,2360.00,2310.00,5566080.00
09-02-2022,2383.50,2371.15,2387.20,2358.00,5300891.00
10-02-2022,2381.05,2395.70,2395.70,2365.10,5752361.00
11-02-2022,2376.40,2373.25,2384.50,2344.10,7357863.00
14-02-2022,2338.55,2340.25,2354.95,2313.00,4947109.00
15-02-2022,2417.95,2351.20,2423.90,2335.70,5174646.00
16-02-2022,2412.95,2430.00,2433.00,2395.95,4796294.00
17-02-2022,2443.50,2420.10,2454.90,2410.00,5931774.00
18-02-2022,2424.40,2444.40,2456.40,2420.15,3126873.00
21-02-2022,2399.90,2412.00,2437.50,2384.60,5125968.00
22-02-2022,2389.00,2352.90,2395.90,2347.15,6227901.00
23-02-2022,2374.05,2401.10,2406.55,2368.00,3373615.00
24-02-2022,2255.75,2305.00,2339.90,2243.40,11466725.00
25-02-2022,2283.95,2280.10,2307.95,2276.25,6724094.00
28-02-2022,2359.55,2243.00,2367.35,2243.00,9828768.00
02-03-2022,2398.55,2334.45,2401.00,2329.20,9909226.00
03-03-2022,2378.30,2400.00,2414.85,2370.05,4701183.00
04-03-2022,2325.55,2353.00,2364.30,2320.35,4986814.00
07-03-2022,2239.55,2278.70,2312.10,2222.00,8299295.00
08-03-2022,2235.50,2211.50,2246.00,2180.00,9825043.00
09-03-2022,2354.10,2236.00,2367.00,2234.15,9421163.00
10-03-2022,2392.25,2400.00,2405.00,2360.00,8297995.00
11-03-2022,2399.15,2376.05,2411.00,2376.05,5656799.00
14-03-2022,2418.85,2386.90,2424.40,2374.00,3849222.00
15-03-2022,2363.45,2427.95,2427.95,2340.85,7349740.00
16-03-2022,2403.35,2382.00,2407.90,2377.10,5145644.00
17-03-2022,2481.70,2432.75,2497.40,2415.10,9886295.00
21-03-2022,2467.40,2444.00,2484.00,2439.00,5537752.00
22-03-2022,2531.15,2460.10,2534.95,2453.60,10410082.00
23-03-2022,2539.20,2523.00,2564.85,2523.00,7135797.00
24-03-2022,2578.65,2510.00,2584.15,2510.00,6077153.00
25-03-2022,2595.85,2582.50,2616.00,2577.00,6563676.00
28-03-2022,2621.95,2610.00,2629.75,2586.50,4564891.00
29-03-2022,2622.55,2638.00,2638.00,2607.40,4007695.00
30-03-2022,2672.95,2639.90,2688.00,2617.10,7297028.00
31-03-2022,2634.75,2664.95,2669.70,2628.60,6102744.00
01-04-2022,2655.85,2636.00,2665.15,2622.00,3656408.00
04-04-2022,2663.70,2655.45,2675.00,2641.65,3659307.00
05-04-2022,2626.05,2651.10,2669.90,2620.70,6068663.00
06-04-2022,2619.05,2587.10,2634.50,2587.10,5656703.00
07-04-2022,2572.85,2595.10,2606.00,2567.00,7151632.00
08-04-2022,2615.65,2560.00,2625.00,2560.00,6992874.00
11-04-2022,2610.20,2600.00,2638.55,2583.00,4270816.00
12-04-2022,2561.05,2587.00,2602.60,2555.40,6099986.00
13-04-2022,2551.65,2574.50,2592.60,2545.50,4778478.00
18-04-2022,2543.85,2533.00,2559.80,2521.80,4603103.00
19-04-2022,2640.80,2558.00,2668.00,2551.05,12064446.00
20-04-2022,2718.45,2657.10,2734.00,2649.10,11570835.00
21-04-2022,2782.10,2750.90,2789.00,2732.00,10018531.00
22-04-2022,2758.80,2758.90,2802.00,2744.20,6947490.00
25-04-2022,2695.00,2742.40,2758.40,2663.65,7874671.00
26-04-2022,2775.65,2710.00,2795.00,2707.70,5643066.00
27-04-2022,2778.35,2755.85,2828.00,2755.05,8924920.00
28-04-2022,2819.85,2809.95,2851.00,2786.10,11820892.00
29-04-2022,2790.25,2856.15,2856.15,2777.30,8406156.00
02-05-2022,2780.45,2762.00,2805.50,2758.05,4369022.00
04-05-2022,2693.65,2785.00,2790.00,2676.30,8882792.00
05-05-2022,2640.90,2723.50,2730.00,2632.00,7942721.00
06-05-2022,2620.65,2612.20,2659.00,2593.55,9068448.00
09-05-2022,2518.30,2574.95,2597.10,2507.00,8345649.00
10-05-2022,2474.65,2495.00,2526.60,2458.00,9004636.00
11-05-2022,2449.30,2472.65,2484.95,2421.95,7681157.00
12-05-2022,2399.40,2427.50,2434.85,2370.00,9456280.00
13-05-2022,2426.60,2426.00,2478.00,2415.35,8910998.00
16-05-2022,2427.20,2434.45,2481.00,2416.65,6201594.00
17-05-2022,2529.15,2435.10,2539.90,2432.00,7638666.00
18-05-2022,2538.35,2539.65,2570.00,2508.25,7973235.00
19-05-2022,2479.85,2484.00,2512.50,2466.05,6783641.00
20-05-2022,2624.45,2512.50,2644.40,2502.00,10057508.00
23-05-2022,2606.90,2631.50,2653.55,2593.00,7039144.00
24-05-2022,2615.85,2607.00,2638.00,2597.70,6243086.00
25-05-2022,2612.00,2635.00,2656.70,2601.50,5867760.00
26-05-2022,2587.10,2624.40,2634.90,2548.00,8252551.00
27-05-2022,2575.10,2593.05,2605.15,2540.10,7624888.00
30-05-2022,2664.80,2615.00,2674.00,2594.20,6393341.00
31-05-2022,2632.65,2641.40,2678.80,2615.70,32591420.00
01-06-2022,2633.50,2634.30,2655.20,2616.20,4512079.00
02-06-2022,2724.30,2634.00,2732.45,2634.00,10211408.00
03-06-2022,2779.50,2744.00,2817.35,2742.00,11048210.00
06-06-2022,2767.55,2780.00,2814.00,2751.80,5119488.00
07-06-2022,2772.75,2769.90,2791.10,2752.05,5703333.00
08-06-2022,2724.05,2772.75,2781.00,2716.30,5759172.00
09-06-2022,2798.75,2710.00,2803.00,2710.00,7973935.00
10-06-2022,2714.25,2771.90,2789.90,2701.50,8349943.00
13-06-2022,2662.90,2650.00,2672.80,2616.30,8131998.00
14-06-2022,2628.10,2650.05,2671.85,2613.45,6790653.00
15-06-2022,2596.30,2617.55,2637.30,2584.40,5166738.00
16-06-2022,2560.00,2623.00,2659.05,2554.00,7896943.00
17-06-2022,2590.00,2560.00,2624.85,2556.10,11286988.00
20-06-2022,2543.05,2605.00,2617.10,2521.10,5568825.00
21-06-2022,2584.10,2560.00,2593.40,2528.30,5408801.00
22-06-2022,2505.60,2558.10,2558.30,2501.00,4899839.00
23-06-2022,2464.95,2515.05,2525.00,2445.00,8974475.00
24-06-2022,2500.05,2480.00,2511.00,2468.00,6571866.00
27-06-2022,2492.65,2544.95,2544.95,2481.55,7141493.00
28-06-2022,2527.70,2482.10,2533.95,2482.10,6263867.00
29-06-2022,2580.15,2507.20,2597.00,2501.00,8863172.00
30-06-2022,2595.65,2580.00,2615.90,2566.00,10666627.00
01-07-2022,2408.70,2574.90,2592.00,2365.00,37841671.00
04-07-2022,2413.70,2378.95,2442.00,2366.10,19317335.00
05-07-2022,2433.25,2423.00,2464.90,2417.10,8144239.00
06-07-2022,2411.85,2420.10,2441.95,2388.00,11050026.00
07-07-2022,2388.10,2425.90,2433.25,2375.00,10753423.00
08-07-2022,2391.40,2418.00,2418.00,2382.55,8773162.00
11-07-2022,2423.90,2376.50,2428.80,2370.00,6390604.00
12-07-2022,2420.45,2404.00,2439.70,2404.00,4974502.00
13-07-2022,2377.55,2427.30,2434.00,2373.00,6564435.00
14-07-2022,2397.15,2388.00,2433.95,2376.95,7831798.00
15-07-2022,2401.80,2415.00,2415.00,2383.10,4431880.00
18-07-2022,2422.25,2421.00,2425.00,2392.30,6996757.00
19-07-2022,2437.10,2400.30,2447.00,2400.30,7587006.00
20-07-2022,2503.00,2540.00,2542.50,2486.25,11041036.00
21-07-2022,2486.30,2494.00,2500.00,2467.30,7625468.00
22-07-2022,2503.10,2500.00,2516.30,2495.00,5062651.00
25-07-2022,2420.40,2467.45,2467.45,2403.00,10665470.00
26-07-2022,2421.50,2421.10,2443.90,2411.35,5216466.00
27-07-2022,2419.20,2419.95,2427.00,2402.00,3994321.00
28-07-2022,2457.10,2436.00,2467.95,2421.00,5766936.00
29-07-2022,2509.45,2474.70,2517.10,2464.00,6982808.00
01-08-2022,2574.85,2519.15,2587.75,2507.60,7245568.00
02-08-2022,2584.65,2572.50,2607.80,2561.55,6423115.00
03-08-2022,2606.35,2600.00,2610.00,2567.45,6576824.00
04-08-2022,2571.90,2610.00,2617.75,2535.00,6676577.00
05-08-2022,2534.00,2576.00,2578.80,2526.95,6434433.00
08-08-2022,2567.15,2531.00,2583.55,2531.00,4691228.00
10-08-2022,2582.50,2576.90,2589.90,2557.05,4949442.00
11-08-2022,2591.10,2603.10,2609.90,2580.20,3783480.00
12-08-2022,2633.00,2590.30,2641.35,2582.20,5838244.00
16-08-2022,2651.30,2646.20,2657.30,2627.30,3049304.00
17-08-2022,2665.15,2665.00,2676.90,2655.55,3044037.00
18-08-2022,2661.30,2660.00,2669.00,2640.20,3419730.00
19-08-2022,2613.85,2650.00,2661.70,2604.95,4366123.00
22-08-2022,2606.60,2617.00,2631.30,2586.00,4371179.00
23-08-2022,2646.80,2594.00,2653.20,2591.35,4466619.00
24-08-2022,2639.75,2640.10,2670.00,2635.35,4785579.00
25-08-2022,2632.05,2648.95,2662.90,2622.60,3632902.00
26-08-2022,2618.00,2633.00,2650.00,2607.00,4957449.00
29-08-2022,2597.65,2585.00,2655.00,2578.05,9155684.00
30-08-2022,2637.95,2614.00,2645.25,2576.60,10678670.00
01-09-2022,2560.40,2582.65,2604.95,2550.70,9188434.00
02-09-2022,2530.50,2560.40,2575.35,2525.70,5999196.00
05-09-2022,2569.80,2531.00,2581.50,2531.00,5227785.00
06-09-2022,2596.85,2573.00,2606.00,2572.00,5030172.00
07-09-2022,2581.75,2575.00,2594.90,2570.00,3455942.00
08-09-2022,2585.40,2588.25,2598.00,2571.00,3256840.00
09-09-2022,2569.30,2610.00,2610.00,2564.00,3837302.00
12-09-2022,2598.05,2570.55,2612.00,2570.55,3431445.00
13-09-2022,2619.75,2618.00,2629.70,2601.00,4102114.00
14-09-2022,2588.35,2575.00,2610.00,2572.75,4004997.00
15-09-2022,2562.70,2583.00,2603.55,2556.75,4783723.00
16-09-2022,2499.20,2543.75,2553.00,2491.00,9330469.00
19-09-2022,2502.45,2499.20,2522.70,2481.35,3498286.00
20-09-2022,2502.85,2522.45,2537.70,2494.70,3881882.00
21-09-2022,2509.75,2496.75,2533.00,2495.00,4249172.00
22-09-2022,2486.10,2486.00,2503.00,2472.10,4757219.00
23-09-2022,2439.50,2485.00,2495.95,2436.10,4397194.00
26-09-2022,2377.35,2394.05,2417.80,2375.15,5759298.00
27-09-2022,2396.25,2394.00,2426.00,2360.10,7455448.00
28-09-2022,2332.45,2360.35,2378.00,2327.10,7844140.00
29-09-2022,2325.30,2360.00,2367.50,2313.00,6771046.00
30-09-2022,2377.75,2311.00,2402.00,2311.00,8589908.00
03-10-2022,2369.50,2391.50,2416.95,2363.00,5470030.00
04-10-2022,2413.20,2397.80,2418.00,2390.15,4129893.00
06-10-2022,2422.10,2429.00,2450.00,2418.15,6162021.00
07-10-2022,2432.35,2414.65,2443.90,2414.65,3560167.00
10-10-2022,2405.80,2405.00,2417.60,2388.00,2921076.00
11-10-2022,2357.90,2414.00,2414.00,2351.10,4252803.00
12-10-2022,2375.25,2352.00,2381.70,2343.10,3422992.00
13-10-2022,2382.80,2371.40,2394.00,2360.10,3382098.00
14-10-2022,2370.70,2415.00,2416.35,2369.10,4202459.00
17-10-2022,2408.75,2355.00,2414.00,2343.60,7720595.00
18-10-2022,2451.25,2422.00,2463.00,2420.15,5729899.00
19-10-2022,2493.90,2454.50,2527.85,2441.70,8882553.00
20-10-2022,2500.60,2485.00,2519.00,2485.00,4022919.00
21-10-2022,2471.60,2507.70,2516.80,2467.00,3804352.00
24-10-2022,2479.85,2460.00,2502.50,2455.30,1555270.00
25-10-2022,2441.55,2499.00,2499.00,2438.00,5645639.00
27-10-2022,2451.15,2458.00,2468.45,2432.80,5774775.00
28-10-2022,2526.15,2465.00,2535.00,2459.45,8126824.00
31-10-2022,2549.60,2541.00,2560.95,2532.20,5731802.00
01-11-2022,2529.85,2600.00,2600.00,2508.00,6443999.00
02-11-2022,2545.65,2532.30,2550.20,2515.00,4145144.00
03-11-2022,2555.15,2529.85,2559.55,2525.05,3089026.00
04-11-2022,2592.75,2553.90,2600.00,2551.10,5803737.00
07-11-2022,2606.60,2591.00,2610.30,2574.00,5440967.00
09-11-2022,2604.00,2610.30,2621.95,2590.05,5193814.00
10-11-2022,2572.50,2590.00,2596.55,2563.00,2753420.00
11-11-2022,2631.80,2600.00,2636.00,2588.00,5681124.00
14-11-2022,2619.05,2630.75,2642.00,2605.15,4173395.00
15-11-2022,2607.30,2622.30,2626.40,2590.00,3270388.00
16-11-2022,2592.35,2610.00,2615.95,2581.35,4484007.00
17-11-2022,2599.05,2584.95,2613.00,2580.00,3074259.00
18-11-2022,2597.65,2606.75,2609.00,2571.10,2447425.00
21-11-2022,2550.90,2588.00,2588.00,2543.10,2949108.00
22-11-2022,2565.05,2545.00,2568.50,2536.50,3051201.00
23-11-2022,2557.05,2575.00,2577.90,2552.25,2959787.00
24-11-2022,2579.10,2566.00,2594.00,2548.20,4333225.00
25-11-2022,2617.60,2589.00,2624.90,2582.10,3391988.00
02-12-2022,2722.15,2730.00,2748.00,2700.60,5348595.00
05-12-2022,2682.45,2712.00,2716.75,2678.00,6843367.00
06-12-2022,2690.20,2665.10,2697.00,2661.00,3966243.00
07-12-2022,2650.50,2685.00,2695.00,2642.15,3905263.00
08-12-2022,2649.25,2660.00,2665.00,2640.10,3579858.00
09-12-2022,2609.10,2646.00,2660.00,2601.85,5840633.00
12-12-2022,2613.10,2585.50,2623.00,2585.00,4374946.00
13-12-2022,2625.00,2613.10,2633.00,2606.70,3845839.00
14-12-2022,2615.50,2637.65,2638.95,2611.00,3354618.00
15-12-2022,2578.35,2602.50,2615.00,2571.00,4009765.00
19-12-2022,2599.30,2581.00,2604.00,2566.70,3567363.00
20-12-2022,2621.80,2583.90,2626.00,2566.00,3446291.00
21-12-2022,2584.50,2621.00,2633.00,2576.10,3935463.00
23-12-2022,2502.20,2563.30,2590.50,2492.25,4733657.00
27-12-2022,2544.70,2530.00,2548.80,2515.25,2659749.00
28-12-2022,2544.45,2538.00,2549.80,2521.50,3442509.00
29-12-2022,2543.30,2527.00,2548.90,2525.50,3198493.00
02-01-2023,2575.90,2550.00,2579.00,2548.20,2453414.00
03-01-2023,2557.05,2565.05,2573.00,2547.80,3534596.00
04-01-2023,2518.55,2557.00,2561.05,2514.00,4275746.00
05-01-2023,2514.05,2523.50,2536.40,2504.00,6293519.00
06-01-2023,2536.90,2526.65,2547.95,2518.30,2930338.00
10-01-2023,2558.40,2606.00,2606.00,2546.00,3713755.00
11-01-2023,2526.15,2552.50,2558.00,2521.10,5311657.00
12-01-2023,2471.60,2524.85,2532.50,2465.00,8163366.00
13-01-2023,2467.60,2458.40,2472.90,2434.60,9515473.00
16-01-2023,2444.10,2472.70,2479.65,2427.00,6287407.00
17-01-2023,2478.80,2458.00,2483.00,2450.60,4961585.00
18-01-2023,2474.70,2473.50,2491.10,2460.35,6206382.00
19-01-2023,2472.05,2472.90,2481.15,2456.65,5510333.00
20-01-2023,2442.65,2475.00,2475.00,2437.25,6890325.00
23-01-2023,2430.30,2449.00,2466.20,2425.00,5055324.00
24-01-2023,2415.95,2440.00,2443.65,2387.35,7609558.00
25-01-2023,2382.55,2412.45,2414.70,2380.00,5715684.00
27-01-2023,2337.35,2384.40,2387.35,2311.65,11920991.00
30-01-2023,2359.75,2331.70,2371.90,2301.00,10047822.00
31-01-2023,2353.85,2382.00,2387.65,2341.00,10472167.00
01-02-2023,2339.90,2379.95,2379.95,2305.00,8929007.00
02-02-2023,2326.95,2318.00,2348.00,2311.00,6305317.00
03-02-2023,2329.00,2349.00,2349.00,2293.00,11398850.00
06-02-2023,2311.45,2315.00,2321.00,2305.80,6847679.00
07-02-2023,2305.90,2312.00,2327.40,2293.00,6985001.00
08-02-2023,2351.95,2313.00,2359.90,2307.00,9765490.00
09-02-2023,2356.05,2353.45,2370.85,2334.00,6079228.00
10-02-2023,2336.65,2354.90,2354.90,2321.30,4979789.00
13-02-2023,2323.35,2340.20,2350.00,2313.55,4777674.00
14-02-2023,2378.10,2329.95,2381.90,2323.65,6609564.00
16-02-2023,2430.05,2449.45,2463.80,2425.05,7967558.00
17-02-2023,2440.20,2420.00,2447.50,2410.60,5450092.00
20-02-2023,2414.40,2445.00,2449.75,2410.10,4078245.00
21-02-2023,2434.10,2424.00,2446.80,2412.35,6143298.00
22-02-2023,2378.90,2425.95,2430.00,2375.05,5087729.00
23-02-2023,2367.50,2378.00,2394.75,2361.35,4546655.00
24-02-2023,2383.70,2372.00,2396.15,2368.00,4353814.00
27-02-2023,2367.85,2382.00,2389.65,2351.70,5168667.00
28-02-2023,2322.55,2356.10,2367.00,2313.65,10150245.00
01-03-2023,2343.90,2344.00,2345.50,2323.25,5330852.00
02-03-2023,2326.05,2337.00,2351.65,2321.60,4307425.00
03-03-2023,2385.40,2349.15,2393.45,2341.55,6758115.00
08-03-2023,2417.35,2408.70,2419.00,2385.00,7283694.00
10-03-2023,2322.70,2341.50,2344.00,2315.05,6153681.00
13-03-2023,2284.50,2329.00,2344.00,2275.00,5894088.00
14-03-2023,2275.95,2280.00,2304.95,2269.05,7396699.00
15-03-2023,2237.05,2284.10,2298.30,2227.40,10027725.00
16-03-2023,2225.90,2243.00,2254.00,2202.20,8474595.00
17-03-2023,2223.10,2244.75,2251.95,2212.70,15697554.00
20-03-2023,2201.25,2215.00,2220.00,2180.00,9010595.00
21-03-2023,2269.70,2218.95,2274.00,2217.00,9876263.00
22-03-2023,2276.60,2285.00,2291.45,2270.00,5039622.00
23-03-2023,2247.80,2268.00,2269.90,2243.05,7499082.00
24-03-2023,2203.30,2245.25,2250.00,2198.00,5711497.00
27-03-2023,2237.55,2217.50,2254.00,2200.20,6486068.00
28-03-2023,2248.00,2245.00,2256.50,2237.00,5804018.00
29-03-2023,2234.70,2239.00,2244.80,2211.10,8678073.00
31-03-2023,2331.05,2255.00,2343.45,2254.70,13001005.00
03-04-2023,2331.45,2345.00,2349.00,2315.00,4750238.00
05-04-2023,2325.85,2348.00,2348.00,2308.55,7505339.00
06-04-2023,2341.45,2318.15,2354.00,2318.15,8507771.00
10-04-2023,2324.85,2350.00,2350.40,2321.55,5981688.00
12-04-2023,2346.65,2336.35,2367.80,2330.05,8389646.00
13-04-2023,2355.50,2353.00,2365.80,2342.00,5712541.00
17-04-2023,2367.45,2424.95,2424.95,2349.05,8274452.00
18-04-2023,2340.35,2377.00,2377.00,2326.00,4802172.00
19-04-2023,2352.00,2339.05,2357.90,2332.20,5664207.00
20-04-2023,2346.05,2354.10,2359.00,2332.10,3233882.00
21-04-2023,2349.00,2350.65,2361.00,2336.40,3529236.00
24-04-2023,2358.00,2375.00,2380.90,2348.00,5970048.00
25-04-2023,2376.05,2366.00,2380.60,2350.50,4262471.00
26-04-2023,2362.10,2379.00,2386.10,2354.05,3977129.00
27-04-2023,2377.05,2375.00,2384.00,2364.00,4230627.00
28-04-2023,2420.50,2382.00,2423.90,2381.75,7183342.00
02-05-2023,2441.05,2436.20,2445.80,2428.10,5991101.00
03-05-2023,2420.10,2445.00,2445.00,2413.05,3259053.00
04-05-2023,2448.00,2421.15,2452.85,2414.60,3985159.00
05-05-2023,2441.75,2441.00,2461.35,2436.00,4036548.00
08-05-2023,2471.90,2450.00,2483.65,2444.15,4224469.00
09-05-2023,2479.55,2475.00,2486.80,2463.25,2983468.00
10-05-2023,2496.60,2490.00,2499.85,2481.20,5017544.00
11-05-2023,2480.30,2498.95,2509.50,2476.55,4872451.00
12-05-2023,2484.35,2469.80,2487.40,2456.50,3209889.00
15-05-2023,2489.25,2489.90,2504.55,2473.15,3153587.00
16-05-2023,2453.80,2494.00,2499.60,2450.15,4023000.00
17-05-2023,2439.30,2463.00,2465.00,2429.00,4060722.00
18-05-2023,2434.05,2449.55,2457.00,2427.15,4857531.00
19-05-2023,2441.95,2434.05,2445.95,2418.85,3715280.00
22-05-2023,2455.00,2435.00,2466.00,2432.35,3431208.00
23-05-2023,2454.55,2460.65,2468.00,2451.45,2811473.00
24-05-2023,2440.25,2445.90,2464.00,2433.45,3743804.00
25-05-2023,2439.95,2433.90,2449.00,2416.05,5301647.00
26-05-2023,2506.50,2458.00,2509.00,2450.75,5827017.00
29-05-2023,2520.60,2521.00,2530.00,2507.20,4619754.00
30-05-2023,2519.95,2520.60,2537.70,2514.35,5234564.00
31-05-2023,2469.90,2500.00,2509.85,2461.00,12510304.00
01-06-2023,2463.25,2480.15,2484.90,2458.00,6734525.00
02-06-2023,2455.20,2471.00,2482.85,2451.00,7291995.00
05-06-2023,2477.25,2467.20,2483.75,2458.45,5034355.00
06-06-2023,2479.35,2483.45,2487.70,2462.00,3458161.00
08-06-2023,2499.65,2506.00,2516.85,2491.00,5570815.00
09-06-2023,2481.95,2507.00,2508.55,2478.00,2712243.00
12-06-2023,2484.15,2475.50,2489.20,2465.00,2949893.00
13-06-2023,2520.85,2495.00,2523.45,2486.25,5190958.00
14-06-2023,2551.85,2521.00,2555.00,2517.00,6127509.00
15-06-2023,2552.55,2551.80,2562.55,2535.50,5451926.00
16-06-2023,2577.40,2560.20,2582.40,2560.20,11155180.00
19-06-2023,2551.80,2584.00,2584.00,2542.65,3137532.00
20-06-2023,2557.10,2547.55,2564.00,2535.00,3194085.00
21-06-2023,2564.30,2557.00,2569.85,2548.00,3212779.00
23-06-2023,2514.75,2528.90,2533.40,2512.00,3059084.00
26-06-2023,2495.55,2507.00,2515.40,2488.70,5833893.00
27-06-2023,2496.45,2496.55,2509.50,2486.65,4471687.00
28-06-2023,2529.50,2513.00,2537.85,2497.85,5239872.00
30-06-2023,2550.25,2546.40,2556.65,2533.45,5146441.00
03-07-2023,2615.70,2558.05,2622.00,2555.35,5609248.00
04-07-2023,2588.75,2625.00,2625.00,2573.25,3720447.00
05-07-2023,2584.50,2609.00,2609.00,2575.80,4729479.00
06-07-2023,2638.75,2576.05,2644.45,2576.05,8822948.00
07-07-2023,2633.60,2635.00,2664.95,2628.00,6172684.00
10-07-2023,2735.05,2688.90,2756.00,2675.00,15340262.00
11-07-2023,2764.70,2752.90,2770.00,2737.60,9262001.00
12-07-2023,2767.75,2766.30,2802.00,2761.65,8645662.00
13-07-2023,2743.00,2783.90,2799.00,2737.25,6776172.00
14-07-2023,2740.70,2750.00,2760.90,2725.10,6979790.00
17-07-2023,2796.70,2747.00,2815.05,2728.00,10254545.00
18-07-2023,2820.45,2817.00,2837.45,2793.00,11937761.00
19-07-2023,2841.85,2830.00,2856.00,2797.00,18054869.00
20-07-2023,2619.85,2580.00,2630.95,2580.00,19358812.00
21-07-2023,2538.75,2609.00,2614.90,2523.60,15124619.00
24-07-2023,2487.40,2481.00,2514.95,2469.30,11863933.00
25-07-2023,2485.80,2494.00,2505.20,2480.00,6013010.00
26-07-2023,2526.20,2485.00,2547.00,2485.00,6455506.00
27-07-2023,2502.70,2534.05,2537.65,2490.35,8613449.00
28-07-2023,2527.85,2512.05,2542.85,2500.55,10413926.00
31-07-2023,2549.25,2527.85,2553.90,2517.95,4275587.00
01-08-2023,2513.20,2555.00,2559.00,2505.30,4768316.00
02-08-2023,2486.35,2509.20,2512.00,2463.60,6374107.00
03-08-2023,2475.90,2475.30,2500.90,2458.05,5084175.00
04-08-2023,2509.55,2498.80,2516.00,2471.60,11442805.00
07-08-2023,2523.85,2521.00,2528.40,2505.00,2991435.00
08-08-2023,2508.65,2528.00,2534.45,2499.55,4922036.00
09-08-2023,2525.20,2504.85,2529.00,2481.10,5743293.00
10-08-2023,2536.45,2524.95,2550.00,2508.45,7735299.00
11-08-2023,2547.15,2532.45,2558.85,2512.35,11089665.00
14-08-2023,2577.25,2539.00,2582.30,2525.00,4787906.00
17-08-2023,2538.00,2567.10,2578.10,2532.85,6836872.00
18-08-2023,2556.80,2531.25,2577.60,2508.55,9319989.00
21-08-2023,2520.00,2539.95,2555.45,2515.65,4610873.00
22-08-2023,2519.40,2516.90,2537.95,2499.00,3856522.00
23-08-2023,2522.20,2524.20,2542.85,2516.95,4758976.00
24-08-2023,2479.80,2539.90,2539.90,2471.00,7070010.00
28-08-2023,2443.75,2472.00,2484.00,2431.10,6290413.00
29-08-2023,2420.35,2452.05,2453.45,2408.15,8438322.00
30-08-2023,2418.05,2432.00,2443.00,2415.00,6084473.00
31-08-2023,2407.00,2423.00,2425.00,2399.90,10819300.00
01-09-2023,2412.65,2406.55,2425.65,2401.65,9056421.00
04-09-2023,2410.70,2412.65,2423.65,2405.30,4673813.00
05-09-2023,2423.60,2420.00,2433.95,2412.45,4337938.00
06-09-2023,2428.70,2421.10,2436.15,2417.25,4100185.00
07-09-2023,2432.00,2421.70,2438.25,2411.00,6826286.00
08-09-2023,2448.20,2440.00,2456.00,2422.95,11554644.00
11-09-2023,2474.60,2452.00,2476.85,2452.00,6635537.00
12-09-2023,2438.85,2483.00,2483.00,2435.95,8127833.00
13-09-2023,2451.05,2440.00,2462.65,2426.25,6401669.00
14-09-2023,2453.30,2460.00,2465.80,2445.00,4604818.00
15-09-2023,2457.85,2468.00,2468.00,2449.50,12734296.00
18-09-2023,2436.45,2440.05,2451.00,2432.05,3758150.00
20-09-2023,2382.15,2423.05,2427.60,2355.00,28540942.00
21-09-2023,2364.80,2374.95,2390.10,2360.00,6113091.00
22-09-2023,2354.95,2376.00,2382.45,2350.00,9588393.00
25-09-2023,2340.45,2350.40,2360.70,2335.10,7127442.00
26-09-2023,2342.50,2338.55,2350.20,2335.60,5043891.00
27-09-2023,2368.90,2343.50,2371.80,2338.50,5861389.00
28-09-2023,2334.10,2383.00,2383.00,2325.00,7259173.00
29-09-2023,2345.00,2341.80,2369.10,2334.10,6171007.00
03-10-2023,2318.15,2329.95,2335.60,2316.00,4429528.00
04-10-2023,2314.15,2309.00,2319.00,2295.10,5143193.00
05-10-2023,2314.10,2319.25,2329.40,2309.00,5476841.00
06-10-2023,2318.00,2317.05,2324.80,2312.05,2715513.00
09-10-2023,2298.25,2308.10,2311.95,2295.00,3788439.00
10-10-2023,2308.40,2306.55,2317.90,2303.75,5118016.00
11-10-2023,2345.05,2314.45,2349.70,2313.00,4907059.00
12-10-2023,2349.40,2343.85,2359.35,2338.15,6277225.00
13-10-2023,2349.30,2340.00,2357.50,2329.15,5075158.00
16-10-2023,2344.05,2345.00,2354.55,2336.00,2964518.00
17-10-2023,2355.25,2356.00,2359.70,2341.30,3964090.00
18-10-2023,2324.00,2355.25,2367.00,2321.00,4459160.00
19-10-2023,2306.15,2312.00,2321.80,2301.00,6016278.00
20-10-2023,2299.10,2300.00,2314.70,2296.30,4456656.00
23-10-2023,2263.20,2290.00,2306.25,2255.25,3926981.00
25-10-2023,2257.95,2250.05,2281.20,2243.00,5810344.00
26-10-2023,2226.50,2251.00,2258.00,2220.30,7611267.00
30-10-2023,2312.50,2274.00,2325.00,2269.95,8406652.00
31-10-2023,2287.90,2328.00,2328.00,2282.90,6404219.00
01-11-2023,2297.40,2289.15,2317.50,2275.20,5154595.00
02-11-2023,2320.20,2313.95,2324.30,2307.95,5281052.00
03-11-2023,2319.70,2327.20,2334.95,2315.75,4425078.00
06-11-2023,2339.00,2332.30,2340.00,2325.60,5323652.00
08-11-2023,2335.90,2332.00,2341.00,2321.75,3942247.00
09-11-2023,2310.55,2335.85,2335.90,2304.20,7256805.00
10-11-2023,2314.90,2305.55,2316.35,2298.05,3867477.00
13-11-2023,2314.60,2322.90,2324.60,2311.70,1927405.00
15-11-2023,2356.45,2340.00,2361.95,2327.00,6110324.00
16-11-2023,2360.70,2351.10,2374.15,2346.95,6567455.00
17-11-2023,2355.55,2352.90,2373.25,2352.05,3879317.00
20-11-2023,2349.35,2348.55,2358.40,2336.40,2245093.00
21-11-2023,2378.90,2366.00,2388.00,2360.20,4107225.00
22-11-2023,2388.20,2375.00,2394.45,2372.20,4267407.00
24-11-2023,2393.90,2391.60,2402.60,2391.05,3374743.00
29-11-2023,2400.70,2408.00,2411.95,2398.05,6265653.00
30-11-2023,2377.45,2394.70,2400.70,2369.90,14219992.00
01-12-2023,2394.30,2378.00,2396.40,2377.60,7171421.00
04-12-2023,2420.20,2450.00,2450.00,2398.60,7795495.00
05-12-2023,2437.75,2439.00,2440.85,2421.65,6346812.00
06-12-2023,2461.10,2447.10,2472.95,2435.00,8211221.00
07-12-2023,2457.05,2460.00,2460.95,2442.00,4071048.00
11-12-2023,2459.35,2456.00,2467.60,2452.40,3533069.00
12-12-2023,2424.05,2460.00,2464.95,2420.15,4598562.00
13-12-2023,2433.95,2422.00,2438.35,2406.30,5015591.00
15-12-2023,2495.60,2478.00,2500.00,2470.05,7966076.00
18-12-2023,2521.00,2495.60,2534.90,2490.95,7082594.00
19-12-2023,2558.10,2555.00,2573.90,2525.20,8410302.00
20-12-2023,2527.15,2571.05,2598.85,2520.00,8868361.00
21-12-2023,2562.55,2527.00,2573.50,2518.25,6882727.00
22-12-2023,2565.05,2559.60,2580.90,2547.65,8270892.00
26-12-2023,2578.05,2568.00,2591.95,2562.70,3732832.00
27-12-2023,2586.85,2582.00,2599.90,2573.10,4602078.00
28-12-2023,2605.55,2589.80,2612.00,2586.85,6151318.00
29-12-2023,2584.95,2611.10,2614.00,2579.30,5432292.00
01-01-2024,2590.25,2580.55,2606.85,2573.15,2015270.00
02-01-2024,2611.70,2585.00,2615.00,2573.00,3724400.00
03-01-2024,2583.30,2610.00,2634.00,2577.20,4518768.00
04-01-2024,2596.65,2588.00,2609.85,2579.10,4806389.00
05-01-2024,2607.70,2602.90,2619.85,2598.00,4043203.00
08-01-2024,2587.35,2610.00,2631.95,2568.95,3867326.00
09-01-2024,2580.50,2600.00,2606.80,2577.20,2701537.00
10-01-2024,2650.10,2577.00,2659.00,2575.05,5551370.00
11-01-2024,2719.80,2659.00,2725.00,2657.00,11862926.00
12-01-2024,2741.45,2719.80,2746.65,2691.50,7506082.00
15-01-2024,2788.25,2750.00,2792.90,2732.00,4305297.00
17-01-2024,2723.15,2719.00,2772.55,2710.05,6098691.00
18-01-2024,2735.90,2702.80,2742.00,2702.50,5139719.00
19-01-2024,2734.90,2752.00,2752.00,2718.00,5211352.00
23-01-2024,2657.15,2743.50,2743.50,2645.10,10027710.00
24-01-2024,2687.75,2670.45,2699.00,2647.85,10959564.00
25-01-2024,2706.15,2685.90,2728.30,2670.40,5904436.00
29-01-2024,2896.10,2729.00,2905.00,2720.35,11946719.00
30-01-2024,2815.25,2919.90,2919.95,2808.85,7046989.00
31-01-2024,2853.25,2808.00,2868.50,2805.00,7565113.00
01-02-2024,2853.30,2870.00,2886.70,2836.10,6674681.00
02-02-2024,2915.40,2866.35,2949.80,2866.35,9826294.00
05-02-2024,2878.05,2921.50,2941.00,2863.05,4407216.00
06-02-2024,2855.60,2883.70,2883.70,2839.65,4523992.00
07-02-2024,2884.30,2871.85,2899.00,2858.50,4648284.00
08-02-2024,2900.25,2900.00,2918.95,2855.05,7347317.00
09-02-2024,2921.50,2908.00,2943.95,2901.90,6278399.00
12-02-2024,2904.70,2921.50,2922.00,2884.70,3337215.00
13-02-2024,2930.20,2911.00,2958.00,2908.00,3857797.00
14-02-2024,2962.75,2915.00,2967.30,2915.00,3558944.00
15-02-2024,2941.20,2966.70,2969.45,2933.05,5003391.00
16-02-2024,2921.15,2952.95,2954.00,2917.10,4883749.00
19-02-2024,2948.00,2924.10,2959.00,2907.05,3364914.00
20-02-2024,2942.05,2950.05,2951.00,2923.60,3558748.00
21-02-2024,2935.40,2948.00,2977.05,2915.10,6360146.00
22-02-2024,2963.50,2936.30,2969.90,2916.00,9246864.00
23-02-2024,2987.25,2979.00,2995.10,2966.70,7219292.00
26-02-2024,2974.65,2987.10,2989.05,2965.00,3756553.00
27-02-2024,2971.30,2966.05,2999.90,2956.10,5413022.00
28-02-2024,2911.25,2966.00,2982.55,2900.35,4323975.00
29-02-2024,2921.60,2930.00,2957.95,2909.05,11814488.00
01-03-2024,2984.25,2927.00,3000.00,2925.00,6066463.00
04-03-2024,3014.80,2980.95,3024.90,2974.45,5012210.00
06-03-2024,3006.00,2986.90,3018.00,2957.00,3902838.00
07-03-2024,2957.85,3005.95,3006.20,2951.10,4157863.00
11-03-2024,2933.20,2978.00,2978.00,2927.00,5638565.00
12-03-2024,2950.85,2933.20,2976.00,2930.05,4716339.00
13-03-2024,2864.35,2959.55,2966.20,2855.55,6761067.00
14-03-2024,2862.95,2879.40,2897.05,2851.00,9285551.00
15-03-2024,2836.45,2851.90,2866.45,2825.80,9611909.00
18-03-2024,2878.95,2840.00,2883.45,2833.05,4584696.00
19-03-2024,2850.50,2857.50,2875.20,2834.50,4137882.00
20-03-2024,2887.50,2855.90,2890.00,2848.05,4244403.00
21-03-2024,2901.95,2905.05,2915.80,2889.35,6503468.00
22-03-2024,2910.05,2899.95,2920.00,2894.70,9763804.00
26-03-2024,2883.15,2890.00,2904.80,2878.00,5707953.00
27-03-2024,2985.70,2896.00,3000.00,2894.00,8163322.00
28-03-2024,2971.70,2985.75,3011.90,2957.30,10927182.00
01-04-2024,2969.55,2984.95,2987.95,2965.00,2506940.00
03-04-2024,2943.20,2964.15,2968.90,2937.80,3504146.00
04-04-2024,2925.85,2959.50,2959.50,2900.00,7245136.00
05-04-2024,2920.20,2921.75,2941.60,2912.00,3721149.00
08-04-2024,2971.95,2925.95,2981.95,2922.00,4178559.00
10-04-2024,2959.15,2932.70,2974.00,2932.70,4569165.00
12-04-2024,2934.30,2951.75,2972.95,2926.15,7775506.00
15-04-2024,2929.65,2922.00,2964.25,2892.65,6451031.00
16-04-2024,2931.50,2906.70,2942.35,2901.85,4683092.00
18-04-2024,2928.65,2927.00,2972.00,2918.70,9502846.00
19-04-2024,2940.25,2913.55,2948.00,2886.05,7870889.00
22-04-2024,2959.70,2944.90,2965.65,2935.60,5175181.00
23-04-2024,2918.65,2958.00,2987.00,2911.10,7302777.00
25-04-2024,2919.95,2885.00,2935.95,2883.00,7971963.00
26-04-2024,2905.10,2927.90,2930.00,2900.00,4706924.00
29-04-2024,2930.05,2900.00,2935.80,2900.00,3623987.00
30-04-2024,2934.00,2936.00,2966.15,2925.75,5737131.00
02-05-2024,2933.10,2944.00,2954.65,2928.25,7256323.00
03-05-2024,2868.00,2942.00,2949.90,2832.30,8613479.00
06-05-2024,2839.05,2871.00,2880.00,2836.00,3697104.00
07-05-2024,2802.95,2831.95,2841.50,2784.00,7258736.00
08-05-2024,2837.10,2795.00,2865.90,2795.00,4719501.00
09-05-2024,2788.25,2826.00,2847.50,2780.00,5504806.00
10-05-2024,2814.85,2793.50,2820.00,2776.15,5252548.00
13-05-2024,2805.40,2799.80,2813.95,2768.00,4228310.00
14-05-2024,2840.15,2801.95,2854.15,2800.05,3594150.00
15-05-2024,2832.55,2841.00,2859.95,2826.05,2523267.00
16-05-2024,2850.70,2837.10,2855.00,2796.05,7355887.00
17-05-2024,2871.40,2846.10,2874.40,2826.50,5458238.00
21-05-2024,2872.25,2851.20,2883.65,2851.20,5588064.00
22-05-2024,2921.30,2872.55,2937.55,2872.55,5140802.00
23-05-2024,2972.10,2917.10,2984.45,2910.00,7304130.00
24-05-2024,2960.50,2967.25,2977.00,2952.20,3547388.00
27-05-2024,2932.50,2960.45,2969.80,2923.10,3314505.00
28-05-2024,2912.40,2936.00,2957.00,2905.50,3910081.00
29-05-2024,2881.55,2893.00,2916.00,2876.90,3691778.00
30-05-2024,2849.70,2871.00,2880.80,2840.20,6603429.00
31-05-2024,2860.80,2862.60,2884.50,2844.50,15534916.00
04-06-2024,2794.55,2996.10,2996.10,2718.60,18354549.00
05-06-2024,2841.50,2844.00,2862.30,2768.20,8732445.00
06-06-2024,2863.20,2870.00,2887.40,2842.70,8927861.00
07-06-2024,2939.90,2857.00,2944.00,2853.00,9279348.00
10-06-2024,2942.80,2939.90,2986.70,2936.15,4625880.00
11-06-2024,2913.35,2938.00,2947.35,2909.35,5887451.00
12-06-2024,2926.65,2915.00,2952.00,2910.35,5040871.00
13-06-2024,2930.50,2944.00,2944.50,2920.20,4590580.00
14-06-2024,2955.10,2940.00,2959.35,2914.45,4078999.00
18-06-2024,2962.05,2974.70,2974.80,2942.70,3598383.00
19-06-2024,2917.30,2975.00,2975.00,2912.00,4362937.00
20-06-2024,2947.40,2918.00,2965.70,2900.20,8056888.00
21-06-2024,2908.40,2947.25,2949.40,2881.15,15585180.00
24-06-2024,2882.95,2891.05,2899.00,2875.00,4439193.00
25-06-2024,2908.30,2886.00,2911.85,2882.00,3522693.00
26-06-2024,3028.05,2892.10,3037.95,2890.25,11007441.00
27-06-2024,3061.10,3027.50,3075.00,3012.00,14191515.00
28-06-2024,3130.80,3062.05,3162.00,3062.05,14478668.00
01-07-2024,3120.30,3125.05,3158.80,3111.35,3862153.00
02-07-2024,3130.35,3139.00,3147.00,3114.00,3874623.00
03-07-2024,3104.85,3132.65,3150.00,3085.55,4524810.00
04-07-2024,3108.05,3114.00,3135.00,3101.60,3418588.00
05-07-2024,3177.25,3107.65,3197.00,3096.00,6134855.00
08-07-2024,3201.80,3178.00,3217.60,3165.05,4750403.00
09-07-2024,3180.55,3195.20,3201.00,3161.00,3480001.00
10-07-2024,3168.45,3190.00,3195.00,3126.30,3567289.00
11-07-2024,3161.30,3175.00,3208.50,3141.00,5970473.00
12-07-2024,3193.45,3169.00,3210.30,3149.00,6462392.00
15-07-2024,3194.45,3208.90,3211.70,3171.00,2664844.00
16-07-2024,3152.50,3187.00,3200.00,3138.25,4693419.00
18-07-2024,3173.35,3152.00,3187.80,3115.65,6149187.00
19-07-2024,3110.30,3172.00,3179.95,3105.60,6570195.00
22-07-2024,3001.35,3074.50,3075.00,2998.55,9837188.00
23-07-2024,2975.80,3002.00,3011.50,2926.00,9026022.00
24-07-2024,2991.40,2970.00,3019.00,2952.80,5956681.00
25-07-2024,2984.80,2962.00,3000.95,2954.15,6259938.00
26-07-2024,3018.05,2984.80,3024.85,2980.70,4929970.00
29-07-2024,3040.20,3023.90,3055.00,3023.55,3769275.00
30-07-2024,3026.30,3034.05,3050.00,3020.00,4114104.00
31-07-2024,3010.85,3008.00,3020.90,3002.30,5028673.00
01-08-2024,3030.60,3024.00,3036.00,3008.60,5382111.00
02-08-2024,2998.65,3010.00,3018.65,2986.55,5134124.00
05-08-2024,2894.65,2960.00,2967.80,2866.50,8523352.00
06-08-2024,2912.10,2910.30,2955.00,2902.65,5118093.00
07-08-2024,2929.65,2938.00,2945.00,2923.00,4087284.00
08-08-2024,2898.25,2915.05,2930.00,2891.85,6193596.00
09-08-2024,2948.60,2920.00,2953.00,2912.00,3124888.00
12-08-2024,2921.25,2940.00,2946.00,2915.50,4092292.00
13-08-2024,2927.25,2921.50,2940.15,2916.00,3132532.00
14-08-2024,2923.70,2927.10,2944.00,2907.40,3133733.00
16-08-2024,2956.40,2937.30,2960.80,2916.10,4708451.00
19-08-2024,2976.80,2965.00,2996.60,2961.00,6898871.00
20-08-2024,2991.90,2994.45,3007.85,2980.05,4205904.00
21-08-2024,2997.35,2986.50,3015.75,2980.00,3884998.00
22-08-2024,2996.25,3006.00,3013.00,2981.30,5222891.00
23-08-2024,2999.95,3007.50,3022.65,2996.85,4624827.00
26-08-2024,3025.20,3013.95,3046.00,3006.00,4408057.00
27-08-2024,3000.90,3021.00,3026.95,2998.90,3125578.00
28-08-2024,2996.60,3010.00,3014.95,2986.00,4805143.00
29-08-2024,3041.85,3006.20,3074.00,2988.00,19167679.00
30-08-2024,3019.25,3068.00,3079.45,3006.65,20810365.00
02-09-2024,3032.50,3021.75,3053.60,3013.25,5620426.00
05-09-2024,2985.95,3038.10,3051.55,2974.10,8132084.00
06-09-2024,2929.65,2985.00,2994.00,2923.25,9697114.00
09-09-2024,2924.90,2933.00,2939.85,2911.20,4505149.00
10-09-2024,2923.05,2921.00,2944.10,2915.15,5384130.00
11-09-2024,2903.00,2926.10,2937.50,2895.10,4880101.00
13-09-2024,2945.25,2952.80,2966.30,2939.00,4355664.00
16-09-2024,2942.70,2955.10,2961.80,2929.50,2740887.00
17-09-2024,2944.60,2948.00,2954.95,2933.25,2967664.00
20-09-2024,2971.85,2948.00,2990.00,2942.75,15448660.00
23-09-2024,2986.75,2982.00,3003.00,2977.90,4416157.00
24-09-2024,2978.75,2977.00,3001.00,2975.75,8568722.00
25-09-2024,2987.90,2967.80,2993.00,2960.40,3534501.00
26-09-2024,2995.90,2981.30,3008.00,2976.10,9409499.00
30-09-2024,2953.15,3038.80,3049.95,2948.80,13504407.00
01-10-2024,2929.65,2961.30,2975.90,2925.65,8215821.00
03-10-2024,2813.95,2873.15,2898.80,2804.15,18878647.00
04-10-2024,2773.05,2807.85,2834.70,2763.55,18536438.00
